{"v":"5.7.6","fr":30,"ip":0,"op":54,"w":1080,"h":1920,"nm":"MAIN","ddd":0,"assets":[],"fonts":{"list":[{"origin":0,"fPath":"","fClass":"","fFamily":"Helvetica","fWeight":"","fStyle":"Light","fName":"Helvetica-Light","ascent":72.0085961911827}]},"layers":[{"ddd":0,"ind":1,"ty":5,"nm":"#text1","ln":"text1","sr":1,"ks":{"o":{"a":0,"k":100,"ix":11},"r":{"a":0,"k":0,"ix":10},"p":{"a":0,"k":[541.247,0,0],"ix":2,"l":2,"x":"var $bm_rt;\n'use javascript';\nconst offY = effect('#move')(1) / 100;\n$bm_rt = add(transform.position, [\n    0,\n    offY * thisComp.height\n]);"},"a":{"a":0,"k":[1.756,-94.44,0],"ix":1,"l":2,"x":"var $bm_rt;\nvar x, y;\ntry {\n    function smartAnchor(n) {\n        var xAnchorBasedOnWidth, yAnchorBasedOnHeight, xAnchorBasedOnCustom, yAnchorBasedOnCustom, sourceRectWidth, sourceRectHeight, layerWidth, layerHeight, xAnchor, yAnchor, leftSide, middleXSide, rightSide, topSide, middleYSide, bottomSide;\n        xAnchorBasedOnWidth = effect('Smart Anchor')('X Anchor Based On').value;\n        yAnchorBasedOnHeight = effect('Smart Anchor')('Y Anchor Based On').value;\n        xAnchorBasedOnCustom = effect('Smart Anchor')('X Anchor - Custom Time').value;\n        yAnchorBasedOnCustom = effect('Smart Anchor')('Y Anchor - Custom Time').value;\n        sourceRectWidth = thisLayer.sourceRectAtTime(sourceTime([\n            time,\n            inPoint,\n            outPoint - thisComp.frameDuration,\n            inPoint + (outPoint - inPoint) / 2 - thisComp.frameDuration / 2,\n            xAnchorBasedOnCustom\n        ][$bm_sub(xAnchorBasedOnWidth, 1)]));\n        sourceRectHeight = thisLayer.sourceRectAtTime(sourceTime([\n            time,\n            inPoint,\n            outPoint - thisComp.frameDuration,\n            inPoint + (outPoint - inPoint) / 2 - thisComp.frameDuration / 2,\n            yAnchorBasedOnCustom\n        ][$bm_sub(yAnchorBasedOnHeight, 1)]));\n        layerWidth = sourceRectWidth.width;\n        layerHeight = sourceRectHeight.height;\n        xAnchor = effect('Smart Anchor')('X Anchor Point').value;\n        yAnchor = effect('Smart Anchor')('Y Anchor Point').value;\n        leftSide = sourceRectWidth.left;\n        middleXSide = $bm_sum(leftSide, $bm_div(layerWidth, 2));\n        rightSide = $bm_sum(leftSide, layerWidth);\n        topSide = sourceRectHeight.top;\n        middleYSide = $bm_sum(topSide, $bm_div(sourceRectWidth.height, 2));\n        bottomSide = $bm_sum(topSide, sourceRectHeight.height);\n        return [\n            leftSide,\n            middleXSide,\n            rightSide,\n            topSide,\n            middleYSide,\n            bottomSide\n        ][n];\n    }\n    ;\n    x = [\n        smartAnchor(0),\n        smartAnchor(1),\n        smartAnchor(2),\n        value[0]\n    ][$bm_sub(xAnchor, 1)];\n    y = [\n        smartAnchor(3),\n        smartAnchor(4),\n        smartAnchor(5),\n        value[1]\n    ][$bm_sub(yAnchor, 1)];\n    $bm_rt = [\n        x,\n        y\n    ];\n} catch (err) {\n    $bm_rt = value;\n}\n;"},"s":{"a":0,"k":[171,171,100],"ix":6,"l":2}},"ao":0,"ef":[{"ty":5,"nm":"#move","np":3,"mn":"ADBE Slider Control","ix":1,"en":1,"ef":[{"ty":0,"nm":"Slider","mn":"ADBE Slider Control-0001","ix":1,"v":{"a":0,"k":0,"ix":1}}]},{"ty":5,"nm":"Smart Anchor","np":14,"mn":"Pseudo/PSE Smart Anchor 1.0","ix":2,"en":1,"ef":[{"ty":7,"nm":"X Anchor Point","mn":"Pseudo/PSE Smart Anchor 1.0-0001","ix":1,"v":{"a":0,"k":2,"ix":1}},{"ty":7,"nm":"Y Anchor Point","mn":"Pseudo/PSE Smart Anchor 1.0-0002","ix":2,"v":{"a":0,"k":1,"ix":2}},{"ty":6,"nm":"Anchor Based On","mn":"Pseudo/PSE Smart Anchor 1.0-0003","ix":3,"v":0},{"ty":7,"nm":"X Anchor Based On","mn":"Pseudo/PSE Smart Anchor 1.0-0004","ix":4,"v":{"a":0,"k":4,"ix":4}},{"ty":7,"nm":"Y Anchor Based On","mn":"Pseudo/PSE Smart Anchor 1.0-0005","ix":5,"v":{"a":0,"k":4,"ix":5}},{"ty":0,"nm":"X Anchor - Custom Time","mn":"Pseudo/PSE Smart Anchor 1.0-0006","ix":6,"v":{"a":0,"k":0,"ix":6}},{"ty":0,"nm":"Y Anchor - Custom Time","mn":"Pseudo/PSE Smart Anchor 1.0-0007","ix":7,"v":{"a":0,"k":0,"ix":7}},{"ty":6,"nm":"Smart Anchor","mn":"Pseudo/PSE Smart Anchor 1.0-0008","ix":8,"v":0},{"ty":6,"nm":"Smart Anchor 1.0","mn":"Pseudo/PSE Smart Anchor 1.0-0009","ix":9,"v":0},{"ty":6,"nm":"Smart Anchor","mn":"Pseudo/PSE Smart Anchor 1.0-0010","ix":10,"v":0},{"ty":6,"nm":"©2021 Ukramedia","mn":"Pseudo/PSE Smart Anchor 1.0-0011","ix":11,"v":0},{"ty":6,"nm":"Smart Anchor","mn":"Pseudo/PSE Smart Anchor 1.0-0012","ix":12,"v":0}]}],"t":{"d":{"k":[{"s":{"sz":[580,467.111083984375],"ps":[-290.000244140625,-91.4382171630859],"s":127,"f":"Helvetica-Light","t":"hello there\ryes","ca":0,"j":2,"tr":0,"lh":152.400009155273,"ls":0,"fc":[1,1,1],"sc":[0,0,0],"sw":0.00999999977648,"of":true},"t":0}],"x":"var $bm_rt;\n$bm_rt = text.sourceText;"},"p":{},"m":{"g":1,"a":{"a":0,"k":[0,0],"ix":2}},"a":[{"nm":"Animator 1","s":{"t":0,"xe":{"a":0,"k":69,"ix":7},"ne":{"a":0,"k":99,"ix":8},"a":{"a":0,"k":100,"ix":4},"b":1,"rn":0,"sh":2,"s":{"a":1,"k":[{"t":27,"s":[0],"h":1},{"t":30,"s":[0],"h":1}],"ix":1},"e":{"a":1,"k":[{"t":27,"s":[100],"h":1},{"t":30,"s":[100],"h":1}],"ix":2},"o":{"a":1,"k":[{"i":{"x":[0.833],"y":[0.833]},"o":{"x":[0.167],"y":[0.167]},"t":0,"s":[-100]},{"i":{"x":[0.833],"y":[0.833]},"o":{"x":[0.167],"y":[0.167]},"t":27,"s":[100]},{"i":{"x":[0.833],"y":[0.833]},"o":{"x":[0.167],"y":[0.167]},"t":30,"s":[100]},{"t":53,"s":[-100]}],"ix":3},"r":1},"a":{"p":{"a":0,"k":[0,106,0],"ix":2},"o":{"a":0,"k":0,"ix":9}}}]},"ip":0,"op":54,"st":0,"cp":true,"bm":0},{"ddd":0,"ind":3,"ty":4,"nm":"Shape Layer 1","sr":1,"ks":{"o":{"a":0,"k":100,"ix":11},"r":{"a":0,"k":0,"ix":10},"p":{"a":0,"k":[540,960,0],"ix":2,"l":2},"a":{"a":0,"k":[0,0,0],"ix":1,"l":2},"s":{"a":0,"k":[100,100,100],"ix":6,"l":2}},"ao":0,"shapes":[{"ty":"gr","it":[{"ty":"rc","d":1,"s":{"a":0,"k":[1080,1920],"ix":2},"p":{"a":0,"k":[0,0],"ix":3},"r":{"a":0,"k":0,"ix":4},"nm":"Rectangle Path 1","mn":"ADBE Vector Shape - Rect","hd":false},{"ty":"st","c":{"a":0,"k":[0.5,0.5,0.5,1],"ix":3},"o":{"a":0,"k":100,"ix":4},"w":{"a":0,"k":0,"ix":5},"lc":1,"lj":1,"ml":4,"bm":0,"nm":"Stroke 1","mn":"ADBE Vector Graphic - Stroke","hd":false},{"ty":"fl","c":{"a":0,"k":[0,0,0,1],"ix":4},"o":{"a":0,"k":100,"ix":5},"r":1,"bm":0,"nm":"Fill 1","mn":"ADBE Vector Graphic - Fill","hd":false},{"ty":"tr","p":{"a":0,"k":[0,0],"ix":2},"a":{"a":0,"k":[0,0],"ix":1},"s":{"a":0,"k":[100,100],"ix":3},"r":{"a":0,"k":0,"ix":6},"o":{"a":0,"k":100,"ix":7},"sk":{"a":0,"k":0,"ix":4},"sa":{"a":0,"k":0,"ix":5},"nm":"Transform"}],"nm":"Rectangle 1","np":3,"cix":2,"bm":0,"ix":1,"mn":"ADBE Vector Group","hd":false}],"ip":0,"op":54,"st":0,"cp":true,"bm":0}],"markers":[]}