{"v":"5.7.6","fr":24,"ip":0,"op":409,"w":1080,"h":1080,"nm":"test solid & text","ddd":0,"assets":[],"fonts":{"list":[{"origin":0,"fPath":"","fClass":"","fFamily":"KunsthausDIN OT","fWeight":"","fStyle":"Bold","fName":"KunsthausDINOT-Bold","ascent":71.1990356445312}]},"layers":[{"ddd":0,"ind":1,"ty":5,"nm":"[x] test","sr":1,"ks":{"o":{"a":0,"k":100,"ix":11},"r":{"a":0,"k":0,"ix":10},"p":{"a":0,"k":[0,0,0],"ix":2,"l":2,"x":"var $bm_rt;\nconst amt = effect('[x] Y Position')(1);\nconst amp = $bm_sub(thisComp.height, sourceRectAtTime().height);\nconst y = linear(amt, 0, 1, sourceRectAtTime().height, thisComp.height);\n$bm_rt = add(value, [\n    0,\n    y\n]);"},"a":{"a":0,"k":[1.994,253.77,0],"ix":1,"l":2,"x":"var $bm_rt;\nvar x, y;\ntry {\n    function smartAnchor(n) {\n        var xAnchorBasedOnWidth, yAnchorBasedOnHeight, xAnchorBasedOnCustom, yAnchorBasedOnCustom, sourceRectWidth, sourceRectHeight, layerWidth, layerHeight, xAnchor, yAnchor, leftSide, middleXSide, rightSide, topSide, middleYSide, bottomSide;\n        xAnchorBasedOnWidth = effect('Smart Anchor')('X Anchor Based On').value;\n        yAnchorBasedOnHeight = effect('Smart Anchor')('Y Anchor Based On').value;\n        xAnchorBasedOnCustom = effect('Smart Anchor')('X Anchor - Custom Time').value;\n        yAnchorBasedOnCustom = effect('Smart Anchor')('Y Anchor - Custom Time').value;\n        sourceRectWidth = thisLayer.sourceRectAtTime(sourceTime([\n            time,\n            inPoint,\n            outPoint - thisComp.frameDuration,\n            inPoint + (outPoint - inPoint) / 2 - thisComp.frameDuration / 2,\n            xAnchorBasedOnCustom\n        ][$bm_sub(xAnchorBasedOnWidth, 1)]));\n        sourceRectHeight = thisLayer.sourceRectAtTime(sourceTime([\n            time,\n            inPoint,\n            outPoint - thisComp.frameDuration,\n            inPoint + (outPoint - inPoint) / 2 - thisComp.frameDuration / 2,\n            yAnchorBasedOnCustom\n        ][$bm_sub(yAnchorBasedOnHeight, 1)]));\n        layerWidth = sourceRectWidth.width;\n        layerHeight = sourceRectHeight.height;\n        xAnchor = effect('Smart Anchor')('X Anchor Point').value;\n        yAnchor = effect('Smart Anchor')('Y Anchor Point').value;\n        leftSide = sourceRectWidth.left;\n        middleXSide = $bm_sum(leftSide, $bm_div(layerWidth, 2));\n        rightSide = $bm_sum(leftSide, layerWidth);\n        topSide = sourceRectHeight.top;\n        middleYSide = $bm_sum(topSide, $bm_div(sourceRectWidth.height, 2));\n        bottomSide = $bm_sum(topSide, sourceRectHeight.height);\n        return [\n            leftSide,\n            middleXSide,\n            rightSide,\n            topSide,\n            middleYSide,\n            bottomSide\n        ][n];\n    }\n    ;\n    x = [\n        smartAnchor(0),\n        smartAnchor(1),\n        smartAnchor(2),\n        value[0]\n    ][$bm_sub(xAnchor, 1)];\n    y = [\n        smartAnchor(3),\n        smartAnchor(4),\n        smartAnchor(5),\n        value[1]\n    ][$bm_sub(yAnchor, 1)];\n    $bm_rt = [\n        x,\n        y\n    ];\n} catch (err) {\n    $bm_rt = value;\n}\n;"},"s":{"a":0,"k":[100,100,100],"ix":6,"l":2}},"ao":0,"ef":[{"ty":5,"nm":"Line Height Debug","np":3,"mn":"ADBE Checkbox Control","ix":1,"en":1,"ef":[{"ty":7,"nm":"Checkbox","mn":"ADBE Checkbox Control-0001","ix":1,"v":{"a":0,"k":1,"ix":1,"x":"var $bm_rt;\n'use javascript';\n$bm_rt = globalThis.window ? 0 : thisProperty;"}}]},{"ty":5,"nm":"Scale","np":3,"mn":"ADBE Slider Control","ix":2,"en":1,"ef":[{"ty":0,"nm":"Slider","mn":"ADBE Slider Control-0001","ix":1,"v":{"a":0,"k":145.7,"ix":1}}]},{"ty":5,"nm":"Offset","np":3,"mn":"ADBE Slider Control","ix":3,"en":1,"ef":[{"ty":0,"nm":"Slider","mn":"ADBE Slider Control-0001","ix":1,"v":{"a":0,"k":33.8,"ix":1}}]},{"ty":5,"nm":"Smart Anchor","np":14,"mn":"Pseudo/PSE Smart Anchor 1.0","ix":4,"en":1,"ef":[{"ty":7,"nm":"X Anchor Point","mn":"Pseudo/PSE Smart Anchor 1.0-0001","ix":1,"v":{"a":0,"k":1,"ix":1}},{"ty":7,"nm":"Y Anchor Point","mn":"Pseudo/PSE Smart Anchor 1.0-0002","ix":2,"v":{"a":0,"k":3,"ix":2}},{"ty":6,"nm":"Anchor Based On","mn":"Pseudo/PSE Smart Anchor 1.0-0003","ix":3,"v":0},{"ty":7,"nm":"X Anchor Based On","mn":"Pseudo/PSE Smart Anchor 1.0-0004","ix":4,"v":{"a":0,"k":1,"ix":4}},{"ty":7,"nm":"Y Anchor Based On","mn":"Pseudo/PSE Smart Anchor 1.0-0005","ix":5,"v":{"a":0,"k":1,"ix":5}},{"ty":0,"nm":"X Anchor - Custom Time","mn":"Pseudo/PSE Smart Anchor 1.0-0006","ix":6,"v":{"a":0,"k":0,"ix":6}},{"ty":0,"nm":"Y Anchor - Custom Time","mn":"Pseudo/PSE Smart Anchor 1.0-0007","ix":7,"v":{"a":0,"k":0,"ix":7}},{"ty":6,"nm":"Smart Anchor","mn":"Pseudo/PSE Smart Anchor 1.0-0008","ix":8,"v":0},{"ty":6,"nm":"Smart Anchor 1.0","mn":"Pseudo/PSE Smart Anchor 1.0-0009","ix":9,"v":0},{"ty":6,"nm":"Smart Anchor","mn":"Pseudo/PSE Smart Anchor 1.0-0010","ix":10,"v":0},{"ty":6,"nm":"©2021 Ukramedia","mn":"Pseudo/PSE Smart Anchor 1.0-0011","ix":11,"v":0},{"ty":6,"nm":"Smart Anchor","mn":"Pseudo/PSE Smart Anchor 1.0-0012","ix":12,"v":0}]},{"ty":5,"nm":"[x] Y Position","np":3,"mn":"ADBE Slider Control","ix":5,"en":1,"ef":[{"ty":0,"nm":"Slider","mn":"ADBE Slider Control-0001","ix":1,"v":{"a":0,"k":0,"ix":1}}]}],"t":{"d":{"k":[{"s":{"s":165,"f":"KunsthausDINOT-Bold","t":"aalol w\rno fuck\rtest\rnope pe itf","ca":0,"j":0,"tr":-40,"lh":198.000015258789,"ls":0,"fc":[0.184,0.188,0.188]},"t":0}]},"p":{},"m":{"g":1,"a":{"a":0,"k":[0,0],"ix":2}},"a":[{"nm":"Adjust Ascender + Descender by X Height","s":{"t":0,"xe":{"a":0,"k":0,"ix":7},"ne":{"a":0,"k":0,"ix":8},"a":{"a":0,"k":100,"ix":4,"x":"var $bm_rt;\n'use javascript';\n$bm_rt = effect('Line Height Debug')(1) * value;"},"b":1,"rn":0,"sh":1,"e":{"a":0,"k":1,"ix":5},"r":2},"a":{"p":{"a":0,"k":[0,0,0],"ix":2,"x":"var $bm_rt;\n'use javascript';\nconst val = add(value, [\n    0,\n    effect('Offset')(1)\n]);\n$bm_rt = mul(val, 0.01 * text.sourceText.style.fontSize);"},"s":{"a":0,"k":[100,100,100],"ix":3,"x":"var $bm_rt;\n'use javascript';\n$bm_rt = add(value, [\n    0,\n    effect('Scale')(1)\n]);"},"o":{"a":0,"k":50,"ix":9}}}]},"ip":0,"op":409,"st":0,"bm":0},{"ddd":0,"ind":2,"ty":1,"nm":"[x] Red Solid","sr":1,"ks":{"o":{"a":0,"k":100,"ix":11},"r":{"a":0,"k":0,"ix":10},"p":{"a":0,"k":[540,540,0],"ix":2,"l":2},"a":{"a":0,"k":[540,540,0],"ix":1,"l":2},"s":{"a":0,"k":[100,100,100],"ix":6,"l":2}},"ao":0,"sw":1080,"sh":1080,"sc":"#ff0000","ip":0,"op":409,"st":0,"bm":0}],"markers":[]}